750-48-6015,Pamela,Wood,Female,"New York City, New York",38
457-42-4347,Samuel,Carter,Male,Washington DC,53
954-63-4114,Jesse,Carr,Male,England,42
730-90-1342,Carolyn,Thompson,Female,"Chicago, IL",50
428-68-2273,Angela,Hicks,Female,"Hanna, Alberta, Canada",17
240-89-4293,Joyce,Ramirez,Female,Nashville / Los Angeles,31
499-50-0307,Larry,Stephens,Male,"Mt. Vernon, NY",43
656-54-9658,Ralph,Ryan,Male,"Long Beach, California",36
335-51-8691,Jane,Bradley,Female,"Orange, CA",79
462-62-1923,Catherine,Cruz,Female,"Port Arthur, TX",72
874-71-5133,Michael,Spencer,Male,"Melbourne, Australia",11
464-30-0566,Earl,Ray,Male,"Chicago, IL",9
255-80-2899,Scott,Perez,Male,"Chicago, IL",79
471-07-2098,Joseph,Black,Male,Chicago,15
554-08-7450,Larry,Carter,Male,"London, England",74
950-31-4569,Roy,Rose,Male,"London, England",36
357-29-6920,Michelle,Stephens,Female,"Ukiah, CA",24
761-00-8349,Carlos,Cox,Male,"Newton-le-Willows, Merseyside, England",78
877-29-3911,Shawn,Rodriguez,Male,"Orange, CA",57
528-70-0912,Antonio,Johnson,Male,"London, England",23
203-92-1007,Diana,Miller,Female,"Los Angeles, CA",66
544-98-0447,Helen,Campbell,Female,Maine,65
370-74-3814,Louise,Hicks,Female,"Glasgow, Scotland",34
240-85-3156,Douglas,Hansen,Male,"Newcastle, England",66
785-09-8897,Doris,Medina,Female,Nashville / Los Angeles,76
590-34-2705,Antonio,Simmons,Male,"Kentwood, LA; Los Angeles, CA",71
648-81-6975,Jose,Fowler,Male,"Hanna, Alberta, Canada",72
416-92-0586,Ruth,Gonzalez,Female,"London, England",45
604-71-2962,Nancy,Smith,Female,"Braintree, Essex, England",66
759-76-0774,Louise,Alexander,Female,"Pasadena, CA",77
549-08-4117,Terry,Jordan,Male,"Seattle, WA",33
852-54-6475,Julia,Webb,Female,"Burlington, Ontario, Canada",79
428-23-2965,Jesse,Cruz,Male,"Chiswick, London, England",19
675-96-3083,Todd,Cole,Male,"Ukiah, CA",25
232-87-1158,Marie,Hanson,Female,"Pasadena, CA",10
757-81-5423,Judith,Ray,Female,Great Britain / UK,73
960-09-7533,Peter,Austin,Male,"Los Angeles, CA",57
764-72-6790,Debra,Adams,Female,"Denver, CO",40
490-78-7844,Roy,Howard,Male,"Newcastle, England",44
955-67-4075,Juan,Kennedy,Male,"London, England",70
125-73-0256,Judy,Howell,Female,Alabama,40
173-94-9283,Stephanie,Price,Female,"London, England",47
674-10-3782,Deborah,Gray,Female,"Antibes, France",66
185-45-1319,Julie,Black,Female,"Los Angeles, CA",56
935-73-1542,Linda,Foster,Female,"Lund, Sweden",22
736-10-9175,Rose,Fowler,Female,"Boston, MA",19
404-98-2467,Jonathan,Clark,Male,"Wilmette, IL",12
747-18-7183,Julia,Richardson,Female,"Los Angeles, CA",73
743-65-4731,Norma,Morgan,Female,"Atlanta, GA",34
544-56-6737,Daniel,Martin,Male,"Bay City, MI",22
429-97-9037,Jonathan,Cook,Male,"New York, NY",9
983-01-8729,Heather,James,Female,US,68
453-77-8327,Cheryl,Ryan,Female,"Atlanta, GA",35
315-31-1009,Albert,Lynch,Male,"Houston, Texas",59
865-95-8971,Jeremy,Garza,Male,"Oxford, UK",73
535-49-5771,Christina,Larson,Female,"Wallington, Surrey, England",11
894-42-0561,Joan,Hudson,Female,United States,9
542-90-4315,Alan,Hudson,Male,"Santa Barbara, California",35
749-12-0407,Joyce,Carter,Female,"Middlesbrough, England",16
657-96-4685,Sarah,Price,Female,"Kingston, Ontario, Canada",55
797-73-5952,Rachel,Martin,Female,California - LA,76
882-51-1382,Kathy,Snyder,Female,"Middlesbrough, England",30
845-49-7090,Evelyn,Harper,Female,"Seattle, WA",79
131-33-7727,Harold,Flores,Male,"Los Angeles, CA",12
481-29-5395,Janet,West,Female,"Campbell, CA",28
630-81-7232,Jimmy,Matthews,Male,"Santa Cruz, CA",65
370-60-2101,Matthew,Dunn,Male,United Kingdom,20
135-16-5396,Judith,Johnston,Female,UK,73
984-98-8616,Kathryn,Garrett,Female,"Hermosa Beach, CA",61
623-85-0431,Mark,Hawkins,Male,"SALINAS, California",27
709-76-9626,Chris,Thomas,Male,"San Francisco, CA",27
533-46-5943,Phillip,Campbell,Male,"Liverpool, England",36
231-35-0442,Sharon,Reed,Female,"St. Joseph, MO",73
908-48-1230,Randy,Hunt,Male,"Minneapolis, MN",24
200-13-9647,Kenneth,Marshall,Male,LDN,36
163-89-6624,Joshua,Nichols,Male,"New York, NY",50
253-08-5617,Matthew,Richards,Male,"Brooklyn, NY",11
441-11-7081,David,Johnson,Male,"Galveston, TX",70
463-72-4331,Joe,Payne,Male,"Barranquilla, Colombia",53
624-05-1226,Marilyn,Cole,Female,"Geneva, NY",9
164-33-7355,Shawn,Shaw,Male,"Los Angeles, CA",57
995-00-7599,Lawrence,Grant,Male,"Hartford, CT",39
644-30-6356,Thomas,Porter,Male,"New York, NY",56
636-05-8811,Virginia,Garrett,Female,"Boston, MA",36
139-45-6655,Kenneth,Morgan,Male,"Fort Meyers, FL",17
477-04-6426,Martha,Reed,Female,LOWELL,24
829-13-5039,Ronald,Wright,Male,"Las Vegas, NV",35
818-79-9698,Sarah,Lawson,Female,"Bay City, MI",40
876-55-5397,Gregory,Morgan,Male,California - LA,67
874-65-9749,Kathryn,Romero,Female,"Harlem, New York",49
927-54-8662,Johnny,Bowman,Male,Wisconsin,18
698-26-3390,Ruby,Garrett,Female,"Orange County, CA",16
162-78-3313,Norma,Martin,Female,"Sayreville, NJ",23
543-64-0431,Heather,Wells,Female,Sweden,74
653-63-5375,Christina,Chavez,Female,"Sacramento, CA",38
876-91-8265,Stephen,Perez,Male,"Ohsawa, Ontario",57
327-15-4094,Wanda,Lawrence,Female,Louisiana,43
472-85-2766,Christine,Graham,Female,"Athens, GA",12
289-84-3609,Steve,Sims,Male,Atlanta  Ga,23
255-11-5190,Denise,Freeman,Female,"Wallington, Surrey, England",60
615-63-1434,Beverly,Edwards,Female,"Dublin, Ireland",64
324-42-2869,Carolyn,Flores,Female,"San Francisco, CA",64
891-99-0918,Steve,Stevens,Male,"Pasadena, CA",72
677-48-9863,Thomas,Nelson,Male,Sweden,50
876-35-1817,Amanda,Gordon,Female,"Marshville, NC",66
966-40-2860,James,Perez,Male,"St Michael, Barbados ",50
631-76-2521,Albert,Collins,Male,"Queens, NY",76
244-17-3252,Jack,Roberts,Male,"Escatawpa, MS",8
350-94-7429,Patrick,Hayes,Male,"Escatawpa, MS",53
321-95-9227,Anna,Duncan,Female,"Venice, CA",24
210-91-6574,Antonio,Jones,Male,"Aberdeen, WA",53
245-71-5196,Debra,Reed,Female,"Lawton, OK",52
193-74-3987,Annie,Roberts,Female,"Bergen, Norway",40
855-08-8597,Christina,Ferguson,Female,LA California,44
193-84-0722,Louise,Williamson,Female,"Barranquilla, Colombia",62
544-26-8200,Irene,Freeman,Female,"Paris, France",24
139-59-6405,Rebecca,Johnson,Female,"Los Angeles, Ca",34
691-14-0487,Howard,Bell,Male,Chicago,65
223-74-6114,Steven,Murphy,Male,Scotland,35
431-67-3209,Christine,George,Female,"Poughkeepsie, New York / Pompano Beach, Flori",46
562-65-2946,Robin,Flores,Female,"Lee's Summit, MO",64
286-32-7482,Eric,Mccoy,Male,"Seattle, WA",48
831-85-5444,Jose,Richards,Male,"Los Angeles, CA",56
504-29-2443,Anna,Mccoy,Female,"Beverly, Massachusetts",69
171-42-1013,Amanda,Hudson,Female,"Sacramento, CA",11
590-03-4211,Lori,Ramos,Female,"Sevenoaks, United Kingdom",27
385-75-7224,Jimmy,Mason,Male,"Sacramento, CA",61
216-08-8790,Carolyn,Austin,Female,"Ibadan, Nigeria",14
160-62-4231,Walter,Cole,Male,"Minneapolis, MN",31
932-27-8041,Earl,Banks,Male,"Nashville, Tennessee",48
752-05-1106,John,Butler,Male,"London, England",54
866-52-2236,Philip,Wood,Male,"Wilmette, IL",20
481-51-8294,Steve,Reyes,Male,"Sevenoaks, United Kingdom",48
476-97-5250,Kathleen,Wells,Female,"The Bronx, New York",63
169-58-3849,Paul,Ruiz,Male,"Anderson, IN",43
385-51-0458,Raymond,Mills,Male,"Lund, Sweden",12
750-72-9234,Shawn,Smith,Male,California - LA,52
437-77-6856,Jessica,Williams,Female,"ALBUCRAZY, NEW MEXICO",64
991-47-3811,Samuel,Fowler,Male,"Hunington, Long Island, NY",75
251-43-8880,Cynthia,Burton,Female,Vrsac,51
546-74-0221,Judith,Scott,Female,City of Angels,14
974-73-9194,Justin,Watkins,Male,"Los Angeles, CA",18
140-65-6352,Jerry,Cruz,Male,"Austin, TX",14
420-55-1267,James,Fuller,Male,"Los Angeles, Ca",76
122-54-2663,Joyce,Knight,Female,"Lyon, FR",32
322-10-9526,Bonnie,Garcia,Female,"Boston, MA",66
159-91-5058,Christine,King,Female,"Arles, France",58
617-55-2336,Jessica,Fields,Female,"Poway, CA",53
516-33-3780,William,Boyd,Male,California - LA,30
804-75-1735,Chris,Fowler,Male,"Braintree, Essex, England",44
535-24-2991,Kelly,Bryant,Female,"San Francisco, CA",66
464-61-5789,Jean,Schmidt,Female,"Long Island, New York",19
908-05-3058,Rachel,Diaz,Female,"Los Angeles, Ca",55
275-09-0102,Debra,Ross,Female,"Berkeley, CA",19
937-72-4641,Kathryn,Wagner,Female,"New York, NY [Queens]",63
983-88-2594,Sandra,Freeman,Female,"San Juan, Puerto Rico",63
877-74-3562,Scott,Welch,Male,"Houston, TX",32
628-54-9148,Janet,Fowler,Female,"Oakland, CA",53
209-40-6885,Jack,Jordan,Male,San Francisco Bay Area,48
230-27-9901,Thomas,Murphy,Male,"Morris Plains, NJ",71
854-33-7359,Tina,Owens,Female,Wales,22
382-20-5692,Paul,Burton,Male,"Manchester, England",72
754-60-0963,Gregory,Washington,Male,"New York, NY",25
415-36-9463,Jesse,Moreno,Male,"Los Angeles, California",8
801-57-3453,Susan,Knight,Female,"Vidor, TX",39
182-09-6169,Joan,Cole,Female,"NORTH FORT MYERS, Florida",74
114-81-5158,Angela,Carroll,Female,"London, England",23
462-73-2877,Denise,Mason,Female,"Chicago, IL",73
206-31-0137,Chris,Anderson,Male,"Medicine Lodge, KS",49
693-98-9344,Thomas,Price,Male,"Coral Spring, FL",73
895-34-1278,Antonio,Hunt,Male,"Severn, MD",11
991-89-8415,Sarah,Green,Female,Arizona,70
114-05-5935,Jeremy,Andrews,Male,"Fort Worth, TX",72
413-01-5087,Deborah,Marshall,Female,"Sydney, Australia",53
603-73-4615,Ernest,Franklin,Male,"Huntington, WV",54
853-22-4784,Tammy,Long,Female,"Orange County, CA",39
239-00-0125,Kenneth,Lawrence,Male,"Helsinki, Finland",62
141-96-4063,Jane,Ramirez,Female,"Seattle, WA",46
520-72-7819,Laura,Matthews,Female,"San Francisco, CA",51
366-20-4145,Maria,Murphy,Female,"Sacramento, CA",64
215-55-3203,Lillian,Wright,Female,"Burlington, Ontario, Canada",47
609-18-8636,Amy,Graham,Female,"Cincinnati, OH",23
613-05-0087,Nicholas,Mcdonald,Male,"Dayton, OH",46
393-30-8141,Fred,Garza,Male,"Nashville, Tennessee",44
559-98-2940,Douglas,Webb,Male,"Compton, California, USA.",47
345-53-8620,Theresa,Griffin,Female,"Buffalo, New York",63
298-66-2150,Ronald,Murray,Male,"Fort Meyers, FL",70
132-89-6282,Laura,Turner,Female,"Volos, Greece",63
198-38-1088,Pamela,Banks,Female,Vernet les Bains,72
210-94-8787,Gary,Jackson,Male,Seattle,57
719-39-7476,John,Woods,Male,"Hacienda Heights, CA",16
505-92-6775,Benjamin,Reyes,Male,"H�enlinna, Finland",41
269-58-9433,Mildred,Martinez,Female,Norrtälje,34
640-00-4182,Robin,West,Female,"Gainesville, FL",64
260-30-8622,Jose,Day,Male,UK,64
165-51-6110,Jessica,Peterson,Female,"Fairfax, California",26
364-73-8231,Kathryn,Wood,Female,"Atlanta, GA",55
624-53-8209,Judy,Knight,Female,New Jersey,40
995-62-8114,Johnny,Rodriguez,Male,"Morris Plains, NJ",20
202-49-1502,Jason,Watson,Male,Alabama,46
155-92-8020,Martin,Ward,Male,Minneapolis MN,37
619-69-3047,Wayne,Rose,Male,"Boston, MA",28
345-68-9802,Katherine,Lynch,Female,"Los Angeles, Ca",55
229-93-4019,Laura,Scott,Female,"Oslo, Norway",54
530-96-2985,Joe,Bradley,Male,"Chicago, IL",32
462-22-4098,Joe,Roberts,Male,"San Francisco, CA",28
698-20-1915,Louis,Simmons,Male,"Coral Spring, FL",70
491-80-8618,Julia,White,Female,Vrsac,14
597-70-5592,Phillip,Fox,Male,"Greenwood, MS",17
192-25-5783,Cheryl,Henry,Female,"Seattle, USA",76
273-98-1398,Heather,Cunningham,Female,Ohio,45
153-40-4571,Tina,Adams,Female,"Heston, Middlesex, England",39
335-49-5144,Jack,Ward,Male,"J�ping, Sweden",74
438-79-0870,Jerry,Mendoza,Male,"Gainesville, FL",35
385-72-0410,Larry,Wagner,Male,"HOLLYWOOD, California",42
276-30-8617,Jerry,Dean,Male,"Ibadan, Nigeria",67
269-66-0386,Nancy,Burke,Female,Wyoming,28
317-22-1407,Jose,Young,Male,"Hamilton, Ohio",62
816-03-0116,Arthur,Ramirez,Male,"Buenos Aires, Argentina",53
727-80-3577,Carl,Harper,Male,"Berlin, Germany",54
404-87-1789,Nicholas,Porter,Male,"London, England",9
369-98-7600,Jack,Coleman,Male,"Philadelphia, Pennsylvania, U.S.",62
516-46-6497,Michelle,Brooks,Female,"Huntington, WV",37
665-92-1838,Frank,Bowman,Male,"Whitby, Yorkshire, England",44
505-85-5013,Victor,Cole,Male,"Brookyln, NY",37
126-07-9614,Sara,Stone,Female,"New York, NY",12
584-98-2885,Laura,Simmons,Female,"Oakland, CA",70
123-52-0691,Julie,Medina,Female,Houston,53
326-60-0418,Chris,Greene,Male,"Cleveland, OH",59
983-99-9687,Margaret,Murray,Female,"Los Angeles, CA",67
142-25-0796,Emily,Hall,Female,"Pasadena, CA",65
298-57-0761,Patrick,Richards,Male,Los Angeles &amp; New York,78
883-61-5678,Julie,Morgan,Female,"Kingston, Jamaica",25
368-84-0241,Teresa,Watson,Female,London,76
888-98-7521,Melissa,Martin,Female,LA / NYC,60
443-38-8821,Jerry,Dunn,Male,"Los Angeles, CA",45
155-66-0780,Juan,Boyd,Male,"Los Angeles, CA",38
948-94-2175,Nancy,Mason,Female,"Houma, LA",66
399-23-7095,Julia,Williams,Female,"New York, NY [The Bronx]",54
108-43-7360,Bonnie,Harvey,Female,"Berkeley, CA",32
113-09-8798,Billy,Little,Male,"New York, NY",18
938-55-5039,Julia,Fox,Female,"Queens, NY",10
696-20-5024,Philip,Fowler,Male,"Sacramento, CA",44
653-09-4525,Daniel,Reed,Male,"Gainesville, FL",58
350-27-8518,James,Miller,Male,"Atlanta, GA",51
457-29-4761,Harry,Franklin,Male,"Whitby, Yorkshire, England",24
536-18-0713,Maria,Rodriguez,Female,"L.A 	California, Estados Unidos ",28
362-64-5502,Rachel,Gibson,Female,Alabama,51
803-50-1553,Raymond,Carr,Male,"SANTA ANA, California",29
825-77-2831,Dennis,Lee,Male,"Volos, Greece",63
948-13-8708,Fred,Wallace,Male,"Los Angeles, CA",74
516-89-8901,Evelyn,Hall,Female,"LONG BEACH, California",75
530-18-1937,Arthur,Banks,Male,"Athens, GA",13
978-82-9679,Richard,Brooks,Male,"Los Angeles, California",61
895-66-4584,Juan,Ford,Male,"Boston, Brooklyn USA",53
965-32-2856,Eugene,Grant,Male,"Jyväskylä, Finland",56
333-54-8286,Jessica,Jordan,Female,"Los Angeles, CA",28
492-45-2707,Mary,Jenkins,Female,POLAND,54
959-91-7050,George,Roberts,Male,"Mali, Africa",35
852-60-7785,Keith,Thomas,Male,United Kingdom,23
529-10-4191,Amy,Boyd,Female,CANADA - Ontario,30
678-06-4550,Peter,White,Male,"Chicago, IL",60
218-17-5172,Cheryl,Washington,Female,"LOS ANGELES, California",55
214-27-0414,Samuel,Cox,Male,New Jersey,75
809-84-7958,Willie,Cooper,Male,"Atlanta, GA",71
785-89-3368,Bonnie,Wood,Female,"Chiswick, London, England",38
580-98-8400,Lawrence,Rodriguez,Male,"Pittsburgh, PA",33
410-92-8421,Ruth,Meyer,Female,"Brooklyn, NY",13
851-36-8165,Ralph,Wood,Male,"Kitee, Finland",17
892-52-4274,Sara,Myers,Female,"Birmingham, England",34
920-42-7547,William,Adams,Male,Detroit MI,73
740-73-3020,Brenda,Brooks,Female,"Jacksonville, FL",11
223-73-9746,Brian,Walker,Male,"Egremont, Cumbria, England",29
623-30-4980,Brenda,Perez,Female,Toronto,18
585-27-7604,Kathryn,George,Female,"New York, NY",34
861-84-9273,Bruce,Ryan,Male,"London, England",48
361-20-7969,Anne,Holmes,Female,Sweden,33
440-93-8619,Joseph,Reed,Male,LA / NYC,39
292-13-9773,Brenda,West,Female,California - SF,77
824-19-9636,Roy,Powell,Male,"Old Town, ME",23
817-88-5870,Michael,Wells,Male,"Oxford, UK",31
417-39-2967,Carlos,Dean,Male,"Amherst, MA",60
197-55-9955,Edward,Snyder,Male,"Brooklyn, NY",32
578-39-0060,Louise,Willis,Female,London,33
522-22-0885,Barbara,Rose,Female,Espoo/Helsinki,55
939-55-1131,Jerry,Ross,Male,"L.A 	California, Estados Unidos ",16
881-89-2178,Jerry,Hart,Male,"New York, NY [The Bronx]",41
410-23-8274,Matthew,Sims,Male,"Los Angeles, CA",74
515-84-3974,Deborah,Wells,Female,London,27
314-03-2646,Shirley,Marshall,Female,"Glasgow, Scotland",30
235-04-7537,Kathryn,Arnold,Female,"Lund, Sweden",17
852-90-3001,William,Dean,Male,Newcastle,38
184-50-1889,Gregory,Montgomery,Male,"Halifax, Nova Scotia, Canada",70
309-73-9987,Kathryn,Reid,Female,"Gainesville, FL",14
856-06-1773,Justin,Nichols,Male,GERMANY,69
646-18-7936,Shirley,Peterson,Female,California - LA,28
991-01-1204,Larry,Morris,Male,"Los Angeles, CA",53
520-24-0112,Dorothy,Mills,Female,"Boston, MA",38
306-08-3062,Brenda,Snyder,Female,CANADA - Ontario,74
777-12-3787,Brian,Peters,Male,"New Haven, CT",69
762-55-8804,Wayne,Griffin,Male,Germany,29
844-35-8059,Heather,Daniels,Female,"Newark, NJ",30
932-30-6448,Patrick,Mitchell,Male,"New York, NY [Manhattan]",33
788-80-7437,Fred,Johnson,Male,Angleterre,12
179-13-1350,Rachel,Warren,Female,Buenos Aires.,68
130-57-0485,Jason,Burke,Male,"New York, NY",13
598-08-7104,Mary,Snyder,Female,"Atlanta, GA",76
466-10-7277,Louis,Warren,Male,"Merida, Mexico",43
230-04-2535,Annie,Gray,Female,NY - New York City,61
831-00-7966,Beverly,Roberts,Female,California,57
730-53-6328,Donna,Ward,Female,"Berkeley, CA",79
461-38-4138,Carl,Moreno,Male,"LOS ANGELES, CALIFORNIA",15
304-79-1206,Henry,Robertson,Male,"Boston, MA",79
777-75-4518,Mark,Carroll,Male,"Sydney, Australia",62
138-60-1016,Bruce,Daniels,Male,"Gainesville, FL",27
280-12-6201,Harold,Cole,Male,United States,39
133-74-3278,Phyllis,Long,Female,Portugal,79
725-07-1394,Ryan,Cook,Male,"San Antonio, TX",8
175-71-6263,Tammy,Scott,Female,"Berlin, Germany",26
647-82-8836,Jonathan,Cruz,Male,"Burlington, Ontario, Canada",20
850-68-5434,Matthew,Spencer,Male,"New Orleans, LA",34
840-17-7063,George,Griffin,Male,"Manchester, England",43
192-05-5731,Denise,Hanson,Female,"Birmingham, England",24
650-90-1856,Roy,Gordon,Male,"Dundee, Scotland",52
458-34-8887,Bruce,Foster,Male,"Chino Hills, CA",63
694-51-6512,Todd,Welch,Male,"Boston, MA",54
286-59-2444,Jonathan,King,Male,"Long Beach, California",36
785-41-0664,Mary,Boyd,Female,"Savannah, TN",18
516-78-2081,Albert,Green,Male,"Carle Place, New York",34
246-51-5664,Rose,Ramirez,Female,Melbourne,54
890-06-4807,Beverly,Castillo,Female,"BROCKTON, Massachusetts",77
243-18-6977,Gregory,Sims,Male,katy,68
723-26-2015,Ernest,Lee,Male,"Oxford, UK",30
655-76-9953,Ruth,Murray,Female,"Amherst, MA",28
259-30-8119,Howard,Gray,Male,"London, England",48
198-39-5361,Debra,Boyd,Female,Detroit MI,18
725-97-5972,Fred,Ellis,Male,"Minneapolis, MN",51
254-05-1207,Joan,Phillips,Female,"Los Angeles, CA",25
482-70-1359,Evelyn,Smith,Female,"Glasgow, Scotland",67
924-71-6499,Nicole,Garrett,Female,YAHD!,32
700-59-6781,Maria,Richardson,Female,"Atlanta, GA",27
181-19-3330,Tina,Parker,Female,"Cincinnati, OH",19
890-87-8520,Andrea,Nguyen,Female,"London, United Kingdom",55
176-60-4031,Amy,Powell,Female,"Seattle, Washington USA",9
430-35-6865,Peter,Rice,Male,"Santiago de los Caballeros, Domin",52
243-47-5816,Diana,Carter,Female,"Cleveland, OH",31
504-00-1023,Lawrence,Gardner,Male,"Jacksonville, FL",43
149-46-8488,Pamela,Hanson,Female,"Paw Paw, WV",29
470-04-2251,Todd,Pierce,Male,"Los Angeles, CA",56
890-89-3803,Donna,Larson,Female,"Los Angeles, CA",68
139-95-1860,Chris,Grant,Male,"Los Angeles, CA",46
908-62-6142,Brian,Stone,Male,"Los Angeles, CA",50
798-88-2315,Catherine,Knight,Female,"Chicago, IL",15
995-91-9389,Albert,Lawrence,Male,"Sacramento, CA",35
135-45-8448,Brenda,Cox,Female,Örebro,59
560-57-9469,Deborah,Porter,Female,"Athens, GA",62
275-90-8240,Wanda,Turner,Female,"Newton-le-Willows, Merseyside, England",69
343-36-5195,Todd,George,Male,"Heston, Middlesex, England",34
184-98-9997,Mildred,Davis,Female,"Hunington, Long Island, NY",25
135-79-3345,Lawrence,Davis,Male,"Jackson, MS",12
662-14-4084,Andrea,Meyer,Female,Chicago IL,27
293-96-2010,Billy,Welch,Male,New Orleans,76
507-71-2052,Kimberly,Murray,Female,"Newark, NJ",77
638-63-9305,Dennis,Garrett,Male,"Lee's Summit, MO",29
953-42-8601,Virginia,Allen,Female,"Cuomo, Puerto Rico",70
766-19-5673,Russell,Willis,Male,"Providence, RI",78
352-51-1745,Alice,Jacobs,Female,"Bridgeport, CT",27
981-01-8439,Carlos,Palmer,Male,LDN,30
511-41-4201,Bonnie,Walker,Female,NY - New York City,75
406-13-7720,Stephanie,Kelley,Female,"Boston, MA",12
986-68-0196,Bonnie,Morris,Female,ES,65
929-34-4126,Jonathan,Perez,Male,"Montego Bay, Jamaica",19
617-67-8930,Kelly,Stanley,Female,"Mali, Africa",38
148-51-5956,Marilyn,Marshall,Female,"CATHEDRAL CITY, California",52
477-57-9782,Laura,Nichols,Female,"Braintree, Essex, England",23
762-53-4471,Kathy,Mcdonald,Female,"New York, NY",20
751-00-1259,Evelyn,Holmes,Female,"San Francisco, CA",21
614-38-7686,Marilyn,Hunt,Female,"London, England",69
621-29-0906,Shawn,Cruz,Male,"Fort Wayne, Indiana",10
848-71-8199,Kimberly,Wright,Female,Cádiz,15
164-39-1096,Janice,Fuller,Female,POLAND,47
407-85-6343,Brian,Gray,Male,"Boston, MA",61
157-42-5123,Maria,Stone,Female,"Seattle, Washington USA",27
532-72-0402,Catherine,Adams,Female,POLAND,62
437-67-7611,Gloria,Hill,Female,England,79
219-02-0341,Linda,Hill,Female,"New York, NY",61
134-64-3476,Phillip,Lawson,Male,"Cleveland, OH",64
374-16-5899,Lois,Burke,Female,Aberdeen,66
907-85-7575,Richard,Morrison,Male,"Normal, IL",38
886-62-6621,Helen,Crawford,Female,"Austin, TX",51
472-06-1004,Diane,Stone,Female,"Ukiah, CA",29
982-11-7847,Mark,Arnold,Male,"Dayton, OH",11
129-63-0218,Janice,Carroll,Female,California - SF,9
895-18-9272,Patrick,Kim,Male,Norway,78
898-53-5307,Lillian,Gonzalez,Female,"London, England",76
109-87-5898,Terry,Cook,Male,"Toyohashi, Japan",41
395-29-7540,Dennis,Palmer,Male,"East Orange, NJ",26
482-52-5050,Cheryl,Nguyen,Female,England,50
531-29-7133,Mark,Lane,Male,"San Juan, Puerto Rico",30
924-15-8402,Katherine,Williams,Female,"Birmingham, England",51
230-07-0007,Catherine,Smith,Female,"East Flatbush, Brooklyn, NY",15
979-75-7600,Jean,Wright,Female,"Miami, Florida",23
154-38-6951,Wayne,Kelly,Male,"Needham, MA",77
666-15-8027,Jacqueline,Vasquez,Female,London / Ex-Manchester,22
856-31-6017,Joyce,Riley,Female,"Venice, CA",66
621-84-5481,Carolyn,Bennett,Female,"East Flatbush, Brooklyn, NY",30
830-29-4976,Margaret,Mccoy,Female,Germany,26
719-05-2097,Frances,Freeman,Female,London,51
398-83-9261,Christopher,Brooks,Male,"Woking, Surrey, England",10
122-41-0806,Anna,Jordan,Female,Oakland CA,12
577-49-8640,Eugene,Perez,Male,"Paw Paw, WV",80
374-24-3059,Barbara,Bailey,Female,"Pittsburgh, PA",49
291-96-0485,Virginia,Johnson,Female,"New York, NY",80
760-52-1644,Gerald,Adams,Male,"London, England",63
185-38-7520,Margaret,Hall,Female,"Los Angeles, CA",73
858-58-2967,Martin,Hill,Male,"St. Louis, MO",59
626-74-1464,Carol,Bryant,Female,London,66
555-09-3345,Margaret,Dixon,Female,"London, England",63
294-23-4202,Patrick,Morgan,Male,Oakland CA,58
274-15-8745,Matthew,Gordon,Male,"Oxford, UK",69
611-53-0702,Joyce,Diaz,Female,"Los Angeles, CA",64
934-40-5419,Beverly,Sims,Female,"Birmingham, England",58
912-72-1974,Jonathan,Parker,Male,"Bakersfield, CA",70
768-77-3398,Anthony,Bailey,Male,"Sevenoaks, United Kingdom",24
498-94-7590,Michael,Miller,Male,"Belgica -- Namur, Namur/Ghent, East Flanders",72
956-80-9393,George,Stephens,Male,"Birmingham, England",58
144-05-0606,Melissa,Castillo,Female,New York City,35
107-29-9914,Dorothy,Turner,Female,"Chino Hills, CA",65
981-98-1275,Dorothy,Duncan,Female,"Chicago, IL",68
130-46-0151,Wayne,Jacobs,Male,UK,17
349-61-0674,Jason,Black,Male,Atlanta  Ga,68
641-83-2700,Jessica,Fuller,Female,"Long Island, NY",47
333-53-4885,Eugene,Weaver,Male,"Kansas City, MO",29
959-19-4842,Gloria,Gonzalez,Female,"Anderson, IN",33
973-98-5971,Shirley,Wright,Female,NY - New York City,34
193-34-7537,Craig,Medina,Male,"Muskegon, MI",78
521-84-8972,Anna,Simpson,Female,Los Angeles CA,55
896-14-9390,Sandra,Ramos,Female,Georgia,28
890-53-4004,Jason,Murray,Male,Warszawa,40
173-21-8272,Rebecca,Rose,Female,"CATHEDRAL CITY, California",43
870-04-6203,Edward,Taylor,Male,"Monticello, MS",53
902-10-2766,Annie,Palmer,Female,Latvia,58
741-18-2246,Bruce,Hudson,Male,"Los Angeles, California",22
985-22-4173,Jesse,Lynch,Male,"HOUSTON, Texas",16
829-25-3452,Amanda,Mills,Female,Norway  (Sandefjord),67
637-78-3421,Benjamin,Bradley,Male,"Boston, Massachusetts",67
571-72-0962,Raymond,Fernandez,Male,"Newark, NJ",10
664-70-7402,Alan,Clark,Male,NY - New York City,26
110-56-7213,Karen,Bailey,Female,"London, England",55
698-70-5883,Carlos,Mendoza,Male,New Hampshire,25
640-10-7368,Terry,Lopez,Male,"New York, NY",25
547-35-7959,Karen,Hudson,Female,Pennsylvania,32
431-46-4955,Tammy,Richards,Female,"Nashville, TN",23
677-12-6097,Andrea,Ellis,Female,"Harlem, NY",12
927-38-4406,Tina,Powell,Female,"Buffalo, New York",15
565-75-3877,Jason,Stephens,Male,"Boston, MA",66
906-08-0521,Earl,Edwards,Male,"Oxford, UK",21
812-64-9942,Dorothy,Kim,Female,"Detroit, MI",13
632-13-3051,Elizabeth,Howell,Female,Hong Kong,10
469-55-8922,Robert,Day,Male,"Louisville, KY",33
961-48-1484,Jose,Ramos,Male,"Gilmer, TX",71
433-57-2765,Douglas,Knight,Male,CA,9
934-71-8329,Anthony,Griffin,Male,"Greenwood, MS",72
817-15-1014,Amanda,Edwards,Female,North Carolina,50
811-65-3447,Margaret,Stewart,Female,"Louisville, KY",14
603-76-4836,Shawn,Peters,Male,"Jackson, MS",33
414-47-9959,Jessica,Bailey,Female,"Pasadena, CA",13
568-18-2119,Stephanie,Rice,Female,Virginia,56
776-11-5190,Barbara,Schmidt,Female,"Des Moines, Iowa",21
991-14-3332,Douglas,Allen,Male,"Melbourne, Australia",15
636-56-0416,Chris,Wallace,Male,"Memphis, TN",79
555-59-0063,Fred,Reynolds,Male,"New York, NY",36
805-05-8107,Martha,Edwards,Female,"London, England",17
227-98-2491,Clarence,Russell,Male,"Los Angeles, CA",63
600-84-2216,Shawn,Gonzales,Male,"Eskilstuna, Sweden",48
396-05-3601,Angela,Davis,Female,"Chicago, IL",8
241-29-4240,Brandon,Lynch,Male,"New York, NY",72
158-90-1695,Harry,Ramirez,Male,"Shreveport, LA",53
859-05-3810,Rebecca,Chavez,Female,"London, England",24
921-22-3566,Sara,Thompson,Female,"Carle Place, New York",67
716-87-3112,Paul,Carpenter,Male,"Jackson, MS",59
584-57-1379,Joshua,Adams,Male,Ireland,74
693-72-5804,Ruby,Schmidt,Female,"Harlem, NY",42
381-52-4450,Lillian,Dean,Female,"Seattle, WA",77
879-58-0000,Patrick,Sims,Male,"Nevada City, CA",44
321-64-4370,Amanda,Thomas,Female,allentown Pennsylvania USA,61
904-19-3331,Christopher,Austin,Male,"St. Louis, MO",62
287-06-1451,Anna,Lee,Female,"Bridgend, South Wales, UK",42
341-87-9349,Victor,Ortiz,Male,California - LA,18
831-49-9093,Kathleen,Lawrence,Female,Texas,58
835-42-2227,Evelyn,Vasquez,Female,"Lynchburg, VA",39
683-21-2773,Donna,Berry,Female,Ireland,39
193-60-9884,Teresa,Matthews,Female,"Atlanta, GA",25
238-73-0331,Nancy,Moore,Female,"Fort Meyers, FL",14
491-76-7145,Carolyn,Gonzales,Female,"Hudsonville, MS",32
831-34-9338,Harry,Jordan,Male,"Galveston, TX",21
713-30-1953,James,Lawson,Male,"Chapel Hill, NC",57
559-11-7395,Rose,Mills,Female,"Havířov, Česká republika",72
263-62-2346,Mildred,Bradley,Female,"San Fransisco, CA",60
330-30-8206,Douglas,Willis,Male,"London, Ontario, Canada",20
626-77-7011,Maria,Wells,Female,"Severn, MD",75
342-73-6521,Martha,Grant,Female,"Lithonia, GA",66
782-90-3640,Kimberly,Cole,Female,"Ghent, Belgium",63
128-70-0747,Joyce,Myers,Female,UK - England - West Midlands,42
789-56-0324,Patricia,Powell,Female,"Ukiah, CA",53
849-18-5124,Shawn,Riley,Male,"Brooklyn, NY",57
606-07-5129,Sandra,Spencer,Female,Leeds,15
132-19-3594,Rose,Gilbert,Female,"New Orleans, LA",78
734-54-8344,Sarah,Greene,Female,"Seattle, WA",23
137-87-7497,Bonnie,Fields,Female,"Darlington, SC",80
849-53-5306,Janice,Barnes,Female,NY - New York City,62
848-48-6190,George,Turner,Male,"Fort Worth, TX",37
549-10-5604,Rose,Taylor,Female,"Rockledge, Florida",41
295-23-8594,Jacqueline,Owens,Female,"Vermillion, SD",78
788-48-5780,Willie,King,Male,"Los Angeles, CA",47
919-98-9535,Robin,Young,Female,"Heston, Middlesex, England",42
769-95-1588,Gregory,Walker,Male,"Paris, France",72
748-88-1048,Patrick,Crawford,Male,"Des Moines, Iowa",9
476-77-3987,Kimberly,Chavez,Female,"San Antonio, TX",42
207-17-4539,Johnny,Wilson,Male,"Harlem, NY",24
962-80-9270,Lori,Fowler,Female,"Jersey City, NJ",44
705-31-5236,Craig,Morales,Male,Dallas TX,9
773-92-7241,Laura,Diaz,Female,"Bay City, MI",32
325-37-3173,Frances,Lee,Female,"Chicago, IL",19
480-68-7765,Wanda,Wood,Female,"Rockledge, Florida",51
984-68-4504,Jerry,Hughes,Male,"Whitestone, Queens, NY",36
178-49-7195,Earl,Ray,Male,"Atlanta, GA",46
425-95-3545,Susan,Cruz,Female,"Kingston, Jamaica",41
620-45-1527,Shirley,Harvey,Female,"Nevada, MO",40
280-91-5333,Chris,Marshall,Male,"New York, NY",15
573-74-8507,Mildred,Lane,Female,"Toronto, Ontario, Canada",68
946-63-1841,Todd,Spencer,Male,"Boston, MA",38
548-96-0771,Lois,Lane,Female,"McLellan, FL",65
861-96-4117,Elizabeth,Williamson,Female,"Mexico City, Mexico",65
890-69-4334,Paul,Olson,Male,"Old Town, ME",70
643-06-4488,Lillian,Bryant,Female,allentown Pennsylvania USA,24
761-50-4937,Carl,Williamson,Male,"London, England",23
989-03-8502,Anne,Martin,Female,"Boston, MA",37
758-50-2591,Tina,Brooks,Female,"Philadelphia, PA",25
104-68-1361,Louis,Ferguson,Male,"Sydney, Australia",61
896-90-2903,Billy,Ray,Male,"Medicine Lodge, KS",9
428-74-2320,Tammy,Webb,Female,"Middlesex, England",27
228-51-3772,Cynthia,George,Female,"Maracaibo, VE",63
348-10-4520,Ronald,Lane,Male,"Rockledge, Florida",70
265-36-7242,Sean,Myers,Male,New Hampshire,25
220-20-2813,Andrea,Fernandez,Female,"Washington, England",19
188-93-8834,Norma,Alexander,Female,"Bronx, NY",65
673-69-4047,Pamela,Howell,Female,"Detroit, MI",80
318-94-3415,Anna,Sullivan,Female,"Philadelphia, PA",67
416-65-7568,Margaret,Black,Female,"Albany, GA",77
908-72-1392,Laura,Freeman,Female,BELGIUM,43
157-99-9239,Joseph,Cox,Male,"Minneapolis, MN",80
875-87-9533,Virginia,Hunter,Female,Glasgow ,28
522-82-2723,Nicole,Morris,Female,"Oxford, MS",47
485-46-2014,Daniel,Ray,Male,Jerez De La Frontera (Cádiz),9
454-83-2068,Chris,Garrett,Male,Los Angeles CA,31
309-72-9183,Fred,Carpenter,Male,"Brazil, IN",75
718-52-1678,Brian,Phillips,Male,New York,32
637-52-9935,Michael,Ruiz,Male,California - LA,78
650-70-5070,Lillian,Lopez,Female,Nottingham,42
308-00-6672,Joseph,Peterson,Male,"Washington, D.C.",45
449-77-5544,Betty,Bryant,Female,"Vancouver, BC, Canada",52
215-17-6222,Susan,Johnston,Female,"Cleveland, OH",30
906-77-7843,Nicole,Edwards,Female,"Heston, Middlesex, England",43
663-30-3345,Marie,Wells,Female,"Chicago, IL",38
759-25-9021,Martha,Oliver,Female,United States,12
938-80-7047,Jerry,Hall,Male,"Marietta, GA",63
313-35-0693,Carolyn,Patterson,Female,"Austin, TX",53
115-06-0722,Carolyn,Alexander,Female,"Seattle, Washington",44
688-50-1311,Jonathan,Garrett,Male,"Whitestone, Queens, NY",68
466-26-8724,Matthew,Ray,Male,"Ukiah, CA",76
467-12-4190,Howard,Garrett,Male,"Carcassonne, France",52
687-88-1369,Robin,Harrison,Female,"Tacoma, WA",54
706-88-5733,Michelle,West,Female,Nancy,33
151-21-6992,Betty,Gomez,Female,"Jersey City, NJ",35
320-49-4807,Keith,Willis,Male,Puerto Rico,52
521-81-7853,Jesse,Stephens,Male,Helsinki,68
783-20-6782,Andrew,Martin,Male,"Oslo, Norway",12
956-81-0221,Beverly,Flores,Female,New Jersey,14
700-03-7903,Jean,Dixon,Female,"Galloway, Panola County, TX",9
509-45-4262,Craig,Ray,Male,Buenos Aires.,45
622-34-1511,Keith,Alvarez,Male,"BEVERLY HILLS, California",14
428-19-1688,Steven,James,Male,"Bremerton, WA",23
101-96-5693,Donald,Miller,Male,"Bay Area, CA",52
324-19-3833,Johnny,Johnston,Male,"Syracuse, NY",76
677-63-4474,Tina,Ruiz,Female,"Lansing, MI",26
128-19-8349,Kathryn,Miller,Female,Sweden,52
151-51-7390,Lawrence,Johnson,Male,Nottingham,48
223-63-3989,Brian,Hughes,Male,"Dublin, Ireland",8
214-32-7221,Sharon,Fields,Female,Houston,55
131-29-7940,Julia,Moreno,Female,"East Orange, NJ",58
576-90-2746,Patricia,Graham,Female,Australia,51
604-30-5336,Rose,Carter,Female,"Mineola, AR",21
290-86-1975,Rebecca,Mills,Female,"Birmingham/ London, UK",18
437-86-8541,Rachel,Henderson,Female,"London, England",26
810-27-8389,Diane,Pierce,Female,"New York, NY [Queens]",62
737-15-8558,Angela,Bishop,Female,"Seattle, WA",14
663-12-2134,Virginia,Holmes,Female,"Dallas, TX",45
577-23-5449,Anne,Coleman,Female,"London, England",56
960-11-7395,Barbara,Ellis,Female,"Los Angeles, CA",28
533-06-5771,Joseph,Mendoza,Male,"Madison, Wisconsin",69
910-07-1473,Kathy,Fisher,Female,"SPRINGFIELD, Virginia",63
661-00-1674,Donald,Perkins,Male,"Minneapolis, MN",44
968-09-4360,Ashley,Armstrong,Female,"Sacramento, CA",64
141-31-0797,Theresa,Young,Female,"Cullendale, AR",14
797-31-0773,Carol,Warren,Female,"Centerville, TN",51
200-17-3082,Ann,Hudson,Female,"Spanish Harlem, New York City, NY",12
611-64-4212,Irene,Ford,Female,"Chicago, IL",20
455-03-4644,William,Burke,Male,"St. Renan, France",22
381-96-3529,Judy,Burton,Female,"Timmins, Ontario, Canada",22
802-99-2702,Janet,Ryan,Female,"Manchester, CT",10
230-78-6125,Earl,Sullivan,Male,"Chiswick, London, England",15
740-45-9152,Mark,Rogers,Male,"Havířov, Česká republika",21
436-90-8398,Kathleen,Holmes,Female,New Jersey,45
338-32-9806,Pamela,Simpson,Female,Georgia,71
818-22-0899,Kathy,Kim,Female,Austin,14
901-00-6424,Nicholas,Hicks,Male,California,32
876-08-4564,Tina,Smith,Female,California - LA,71
287-03-7097,Ashley,Taylor,Female,England,60
766-17-1892,Elizabeth,Ruiz,Female,"Mexico City, Mexico",57
168-13-5215,Pamela,Jenkins,Female,"Kingston, Jamaica",78
939-61-4304,Bonnie,Matthews,Female,"Melbourne, Australia",77
520-30-2621,Howard,Jones,Male,"Mexico City, Mexico",30
180-16-0365,Rachel,Ortiz,Female,"Seymour, IN",50
217-29-2487,Thomas,Snyder,Male,Scotland,10
117-90-5379,Scott,Sullivan,Male,"New York, NY",52
394-42-6151,Jean,Gonzales,Female,UK - England - South East,63
965-72-7488,Howard,Henry,Male,"Belfast, Northern Ireland",66
604-28-5886,Juan,Washington,Male,New Jersey,15
676-37-4703,Victor,Kennedy,Male,"London, England",72
594-83-5066,Kevin,Chavez,Male,"Los Angeles, CA",32
434-21-0697,George,Welch,Male,"Aitkin, MN",55
151-42-6086,Chris,Riley,Male,New Jersey,31
791-55-1723,Betty,Burns,Female,Georgia,17
834-67-3434,Steven,Adams,Male,"Queens, NY",61
649-08-3638,Benjamin,Little,Male,Georgia,64
775-66-3137,Alice,Rodriguez,Female,Japan,23
953-76-9282,Sharon,Hamilton,Female,"East Moline, IL",68
483-59-5028,Christine,Rogers,Female,"Brooklyn, New York",17
127-36-3697,Wanda,Crawford,Female,"Cork City, Ireland",57
778-66-9630,Barbara,Perez,Female,"Whitestone, Queens, NY",18
676-42-2975,Kathy,Arnold,Female,"Croix-des-Bouquets,  Haiti",31
391-06-9198,Pamela,Ward,Female,Glasgow UK-SCOTLAND,51
768-91-3926,Irene,Williams,Female,"Berkeley, CA",35
617-19-2971,Charles,Henderson,Male,"Monticello, MS",76
878-91-1400,Martin,Rodriguez,Male,"New Orleans, LA",34
902-03-7960,Sandra,Riley,Female,"Haynesville, LA",48
973-04-1958,Diana,Harrison,Female,Brandon,13
801-48-1629,John,Banks,Male,"Sao Paulo, Brazil",61
612-93-4840,Diane,Wagner,Female,"Long Island, NY",49
878-59-3884,Melissa,Parker,Female,allentown Pennsylvania USA,29
181-08-7848,Mark,Reyes,Male,"Oxford, England",33
848-64-3909,Rachel,Knight,Female,"Englewood, NJ",29
522-54-0101,Kevin,Bryant,Male,"Jamaica, West Indies",52
628-05-1312,Robert,Torres,Male,"Colfax, CA",49
913-29-7943,Jennifer,Reed,Female,"Minneapolis, MN",65
476-42-1684,Kenneth,Reid,Male,Brandon,9
263-82-4836,Kathleen,Hernandez,Female,Oakland CA,72
748-13-8718,Samuel,Jordan,Male,"Santo Domingo, Rep. Dom.",29
627-35-0830,Ashley,Martinez,Female,Wyoming,65
312-59-1345,Deborah,Reid,Female,"Spanish Harlem, New York City, NY",20
833-96-7483,Emily,Garrett,Female,NY - New York City,57
972-07-9863,Janet,Burns,Female,Ireland,56
597-54-8175,Emily,Ellis,Female,"Newark, NJ",58
635-18-8106,Henry,Kelly,Male,"Centerville, TN",26
600-30-3919,Rebecca,Hughes,Female,"Toronto, Ontario, Canada",70
802-05-1239,Margaret,Crawford,Female,Tennessee,50
189-39-9955,Donna,Fernandez,Female,"New York, NY",75
421-74-9864,Jose,Sullivan,Male,"Buenos Aires, Argentina",75
266-49-7912,Roy,Johnston,Male,"Tacoma, WA",23
902-49-6943,Christine,Fowler,Female,"Vermillion, SD",33
419-43-7740,Heather,Bradley,Female,"Edmonton, Alberta, Canada",12
751-49-1681,Andrea,Cruz,Female,"Rio de Janeiro, Brazil",60
789-29-2930,Janice,Ford,Female,"Kingston, Jamaica",78
875-89-8163,Emily,Perry,Female,"Memphis, TN",42
914-48-8126,Joshua,Davis,Male,"Memphis, TN",21
802-38-5606,Nicole,Gibson,Female,New Mexico,62
679-52-7981,Douglas,Burns,Male,"Forest Hills, Queens, New York City, NY, USA",57
748-78-0361,Jennifer,Daniels,Female,"Pittsburgh, PA",37
897-07-9553,Donald,Wilson,Male,"Charlotte, NC",65
551-12-3523,Matthew,Cruz,Male,Scotland,53
623-98-2620,Jesse,Wright,Male,"Hamtramck, MI",50
725-55-5769,Joan,Bishop,Female,"Lund, Sweden",22
484-67-7826,Jason,Richards,Male,NY - New York City,53
406-49-6619,Howard,Martin,Male,California - SF,57
552-74-0171,Eric,Gonzales,Male,"Medicine Lodge, KS",43
931-05-9401,Bobby,Perkins,Male,Thaba Nchu,42
542-55-4025,Carolyn,Wright,Female,"Toyohashi, Japan",40
813-50-4927,Douglas,Montgomery,Male,Chicago,33
740-34-2151,Annie,Harper,Female,"Berkeley, CA",69
609-84-5786,Raymond,Ortiz,Male,YAHD!,8
163-58-9009,Sara,Lewis,Female,"Woking, Surrey, England",25
855-06-8565,Pamela,Sanchez,Female,London,34
638-72-0199,Sean,Olson,Male,"Berkeley, CA",76
142-02-8401,Ernest,Hayes,Male,"Durham, NC",45
769-61-6343,Ernest,Lane,Male,"Berkeley, CA",9
933-79-1682,Clarence,Morales,Male,"Mansfield, OH",28
955-03-9728,Julie,Gordon,Female,"Beirut, Lebanon",44
406-40-7803,Ann,Wells,Female,England,35
844-42-1353,Alan,Russell,Male,"Croix-des-Bouquets,  Haiti",71
183-84-6914,Kathryn,Lopez,Female,Buenos Aires.,46
616-39-6551,Gregory,Wagner,Male,"Orange County, CA",9
941-55-7405,Walter,Fernandez,Male,"Los Angeles, CA",48
964-68-4965,Jimmy,West,Male,Chicago,25
793-75-2312,Lawrence,Smith,Male,"Santa Rosa, California",33
353-49-6810,Robin,Burns,Female,SWEDEN,47
591-94-3179,Gloria,Ellis,Female,England,54
452-34-3335,Christina,Thompson,Female,Leeds,59
692-70-9010,Patricia,Chapman,Female,"Glendale, CA",26
649-81-4922,Mark,Henry,Male,New Jersey,26
523-02-5982,Martha,Fields,Female,US,43
355-35-7538,Carlos,Moore,Male,"South Jamaica, Queens",76
152-41-0693,Larry,Richards,Male,"Auburn, CA",31
837-93-1721,Harold,Garrett,Male,"Toronto, Ontario, Canada",36
358-02-1861,Carlos,Foster,Male,"Monticello, MS",23
115-66-5284,Julie,Austin,Female,"St. Louis, MO",29
627-56-9567,Carl,Torres,Male,"New York, NY",23
858-39-6267,Joe,Gonzales,Male,Sweden,50
289-09-6329,Jose,Owens,Male,"Port Arthur, TX",55
937-10-8866,Lori,Rodriguez,Female,"Kosse, TX",15
118-10-6031,Jesse,Carroll,Male,"New York, NY [Bronx]",15
562-28-9368,Jack,Medina,Male,"Denver, CO",39
489-74-8467,William,Freeman,Male,"Ventura County, CA",61
127-22-6708,Wayne,George,Male,"New York City, New York",16
452-18-8462,Wanda,Cunningham,Female,"Birmingham, England",52
391-50-7481,Paula,King,Female,Netherlands,21
454-50-9934,Phyllis,Arnold,Female,United States,28
597-63-3677,Margaret,Wallace,Female,"Sayreville, NJ",50
942-63-7346,Lois,Coleman,Female,"Paris, France",42
976-40-3101,Lillian,Williams,Female,Scotland,67
983-12-6607,Angela,Hart,Female,"London, England",38
952-44-9559,Bruce,Black,Male,"Quantico, VA",70
902-71-6189,Russell,Jones,Male,United States,73
155-58-8353,Carl,Campbell,Male,"Ocean City, NJ",28
802-82-8586,Johnny,Stevens,Male,"Chicago, IL",53
340-52-6072,Shawn,Fields,Male,"Lee's Summit, MO",36
480-24-8341,Bruce,Henderson,Male,"Newton-le-Willows, Merseyside, England",36
701-07-9568,Roy,Williams,Male,"East Orange, NJ",52
541-28-1781,Louis,James,Male,"Brooklyn, New York",31
402-03-1210,Gregory,Bennett,Male,"San Francisco, CA",79
136-37-7317,William,Barnes,Male,"Chino Hills, CA",16
763-30-9026,Craig,Kennedy,Male,"Oxford, England",21
100-52-7837,Donald,Hanson,Male,Los Angeles,45
838-82-0765,Sharon,Harrison,Female,"Bogota, COL",42
809-07-3013,Bonnie,Dixon,Female,"New York, NY",54
741-56-3486,Helen,Gomez,Female,"Paddington, London, England",31
748-05-0611,Joshua,Lopez,Male,"Los Angeles, CA",27
629-85-6901,Michael,Myers,Male,"Senigallia, Italy",27
104-46-7462,Louis,Gonzalez,Male,"East Flatbush, Brooklyn, NY",13
333-99-7256,Matthew,Cruz,Male,"Lancaster, NH",36
575-00-8142,Clarence,Hicks,Male,"Leeds, England",45
322-23-9971,Christina,George,Female,"Medicine Lodge, KS",44
192-29-3651,Deborah,Burns,Female,St Louis MO,36
550-29-8427,Dennis,Meyer,Male,"New Haven, CT",13
248-49-7915,Martin,Evans,Male,Japan,8
289-78-2674,Andrea,Carr,Female,"Lithonia, GA",14
698-25-4276,Chris,Morris,Male,"Medicine Lodge, KS",34
751-35-8374,Debra,Little,Female,Georgia,42
919-68-3576,Jeffrey,Harris,Male,"London, England",54
748-37-4137,Lisa,Rivera,Female,"New York, NY [The Bronx]",21
832-73-3688,Norma,Mendoza,Female,"Humboldt, TN",16
772-52-6477,Katherine,Baker,Female,Jamaica,53
380-08-1806,Jean,Walker,Female,ITALY,76
771-60-1021,Frank,Burton,Male,"Lund, Sweden",75
265-18-9351,Janice,Cruz,Female,Brandon,13
795-79-3551,Kathy,Henderson,Female,"Garnant, Wales",69
597-86-1332,Ryan,Watson,Male,"OCALA, Florida",23
576-67-9789,Michael,King,Male,"Los Angeles, CA",58
127-61-3134,Fred,Green,Male,California - SF,40
523-75-9333,Christina,Rice,Female,"San Francisco, CA",16
549-54-4327,Eugene,Perez,Male,"Los Angeles, CA",15
948-60-2143,Jerry,Arnold,Male,United Kingdom,11
284-19-9650,Rose,Morales,Female,"Dry Ridge, KY",47
907-00-0809,Mildred,Black,Female,"Philadelphia, PA",14
868-02-8540,Rebecca,Payne,Female,Ireland,17
394-83-6440,George,Greene,Male,"Paducah, KY",66
359-22-5830,Virginia,Daniels,Female,"New York City (Salem, IL - originally)",74
720-37-1222,George,Washington,Male,"McLellan, FL",47
354-82-7328,Jimmy,Elliott,Male,"New York, NY",33
542-15-9090,Douglas,Oliver,Male,Mississauga,44
756-90-1964,Paula,Martinez,Female,"The Bronx, New York, NY",31
108-91-4968,Timothy,Foster,Male,"Portsmouth, VA",67
458-01-5623,Catherine,Ramos,Female,Hughesdale Victoria Australia,22
213-20-4298,Helen,Elliott,Female,"New York, NY",76
124-60-1106,Sara,Stevens,Female,"Goodwill, LA",47
567-43-6113,Jean,Jones,Female,"Hernando, MS",46
906-24-6752,Virginia,Cruz,Female,Jamaica,52
973-27-9985,Russell,Moore,Male,Georgia,69
713-88-9874,Nicole,Bowman,Female,"Minneapolis, MN",34
260-18-4337,Gregory,Morgan,Male,Houston,9
315-50-0840,Martha,Andrews,Female,California - LA,47
198-25-3868,John,Gonzales,Male,"Humboldt, TN",68
842-90-4026,Douglas,Brooks,Male,"D�orf, Germany",62
493-40-6357,Antonio,Kim,Male,"Le Cannet, France",16
533-64-9448,Billy,Harris,Male,"Pensacola, FL",35
784-96-1364,Roger,Meyer,Male,"Boston, MA",45
852-08-2307,Amy,Payne,Female,"Alberta, Canada",73
322-29-4005,Judith,Davis,Female,"Los Angeles, CA",23
621-64-4554,Howard,Boyd,Male,NY - New York City,37
370-11-2111,Melissa,Bishop,Female,"London, England",71
371-70-0851,Julia,Tucker,Female,"L.A 	California, Estados Unidos ",62
418-64-2533,Margaret,Dixon,Female,Chicago,65
186-71-1925,Rebecca,Kelly,Female,"Toyohashi, Japan",62
244-13-0194,Kathleen,Morgan,Female,"Minneapolis, MN",36
609-84-5756,Irene,Dunn,Female,Tennessee,46
816-31-4640,Deborah,Ray,Female,Texas,49
783-41-6485,Angela,Owens,Female,"Ozark, AR",58
233-29-7594,Harry,Daniels,Male,Los Angeles,25
659-86-7807,Linda,Gibson,Female,Waukesha WI,31
150-09-6640,Amy,Fernandez,Female,"Jacksonville, FL",58
347-66-2449,Willie,Fuller,Male,Miami,75
357-28-0098,Mark,Wilson,Male,"Columbus, OH",58
686-23-0768,Robin,Olson,Female,"Birmingham, England",67
731-36-5251,Wayne,Simpson,Male,"Paddington, London, England",39
204-52-9557,Roy,Dixon,Male,"Las Vegas, NV",77
144-53-5143,Phillip,Castillo,Male,US,51
282-83-5161,Ruth,Freeman,Female,"Navasota, TX",38
298-86-4685,Jeffrey,Gomez,Male,"Nashville, TN",18
934-58-6372,Douglas,Ford,Male,"Melbourne, Australia",51
275-62-4483,Dennis,Simpson,Male,"Bayshore, Long Island, NY",13
446-58-9367,Norma,Gonzalez,Female,"Talladega, AL",77
623-49-9057,Rose,Mendoza,Female,"Tromso, Norway",18
577-86-9856,George,Morris,Male,Wales,73
885-12-7160,Nicholas,Walker,Male,"Walker-on-Tyne, England",52
534-27-6708,Jacqueline,Alexander,Female,New Mexico,38
595-14-5105,Peter,Shaw,Male,"Kingston, Jamaica",46
265-75-9440,Arthur,Alexander,Male,Great Britain / UK,9
507-16-7670,Kelly,Gonzalez,Female,"Philadelphia, PA",66
597-50-5433,Roy,Griffin,Male,"Bristol, England",63
391-44-0150,Anna,Perkins,Female,"Toyohashi, Japan",44
629-72-8649,Joseph,Willis,Male,"Melbourne, Australia",52
932-56-3983,Gerald,Gonzalez,Male,Texas,59
817-55-3804,Philip,Armstrong,Male,Georgia,55
763-23-4531,Janice,Payne,Female,"Kansas City, MO",44
680-34-0022,Marie,Wood,Female,NY - New York City,44
304-82-7954,Rachel,Henderson,Female,"Bogota, COL",73
580-97-6322,Diane,Knight,Female,Germany,46
376-43-1956,Deborah,Peters,Female,Glasgow,63
809-29-9939,Harry,Flores,Male,Virginia,15
523-44-3880,Kimberly,Morrison,Female,"Le Cannet, France",69
657-03-5548,Karen,Frazier,Female,California - LA,71
878-30-1830,Arthur,Mills,Male,London,63
764-15-2290,Kathleen,Jackson,Female,"Santiago de los Caballeros, Domin",59
194-28-9813,Christopher,Gordon,Male,"Brooklyn, NY",45
954-42-7892,Annie,Scott,Female,"Dublin, Ireland",39
625-83-1671,Victor,Tucker,Male,"London, England",17
180-21-3141,Aaron,Patterson,Male,"Newark, NJ",43
752-12-3651,Linda,Thomas,Female,"Nottingham, England",17
601-06-1726,William,Cook,Male,Noci (BA),29
233-78-0134,Debra,George,Female,New York City,64
319-44-0821,Beverly,Stevens,Female,United Kingdom,9
881-38-9538,Donald,Hicks,Male,"FL,GA,KY",53
670-36-2562,Harold,Palmer,Male,United States,27
896-30-8402,Barbara,Jacobs,Female,"Port Elizabeth, South Africa",11
661-15-2400,Bobby,Kelly,Male,"Detroit, MI",56
807-11-9376,Richard,Myers,Male,"Aarhus, Denmark",20
855-29-1681,Michael,Olson,Male,"New York, NY",38
401-68-5009,Ann,Dixon,Female,"CHICAGO, Illinois",13
742-95-0008,Doris,Patterson,Female,Texas,49
495-83-8304,John,Wright,Male,UK - England - South East,37
247-73-6046,Annie,Hill,Female,United States,9
538-70-8109,Irene,Ruiz,Female,"Belfast, Northern Ireland",29
981-94-1314,Tina,Gordon,Female,"Coral Springs, Florida",15
935-90-8443,Kenneth,Hunt,Male,"Lawton, OK",39
418-58-9017,Alan,James,Male,"Gilmer, TX",30
655-11-7093,Benjamin,Mcdonald,Male,Germany,53
219-01-3991,Eugene,Wallace,Male,"Cincinnati, OH",17
853-91-7161,Billy,Mason,Male,"Memphis, TN",33
114-41-8859,Brenda,Kelly,Female,US,25
943-37-3314,Nicole,Hicks,Female,Detroit,21
163-45-7313,Bobby,Rice,Male,Germany,44
194-26-0276,Diane,Fields,Female,"Dayton, TN",49
541-96-6588,Judy,Brooks,Female,Karlstad,69
949-93-7305,Harry,Ellis,Male,"Detroit, MI",52
160-25-7919,Ernest,Wood,Male,Earth,76
460-61-7301,Charles,Burke,Male,Georgia,71
915-28-5558,Shawn,Woods,Male,New Jersey,40
679-35-9802,Stephanie,Harvey,Female,"Middlesbrough, England",63
203-42-0282,Carol,Jones,Female,"Austin, TX",76
269-76-7645,Joan,Lewis,Female,"San Francisco, CA",25
832-09-7697,Andrew,Bishop,Male,Buenos Aires.,29
466-65-8752,Paula,Nichols,Female,"Walker-on-Tyne, England",22
606-63-7714,Emily,Arnold,Female,"Malaga,Spanija",16
608-06-0587,Roy,Graham,Male,"Bergen, Norway",75
601-08-0517,Brian,Peters,Male,"Cross Lane, WV",37
317-81-5414,Jonathan,Frazier,Male,"San Diego, CA",8
443-44-7634,Kimberly,Spencer,Female,England,16
506-44-6836,Norma,Spencer,Female,Brandon,54
237-32-2663,Mark,Campbell,Male,"London, England",57
195-59-7984,Gary,Dixon,Male,"Mexico City, Mexico",74
162-21-5577,Joshua,Howard,Male,"Wilson, NC",30
151-01-3272,Stephanie,Garcia,Female,"San Francisco, CA",60
467-41-7366,Harold,Elliott,Male,"Severn, MD",36
655-00-4764,Chris,White,Male,"New York, NY",38
443-42-5367,Rachel,Weaver,Female,Dubai UAE,61
810-94-5973,Joyce,Russell,Female,"D�orf, Germany",14
535-94-5077,Ruth,Martinez,Female,England,13
113-91-5745,Jesse,Ford,Male,"Friars Point, MS",70
757-92-5922,Helen,Larson,Female,"College Park, Georgia",26
496-37-2661,Joan,Gardner,Female,"Chicago, IL",56
913-51-9247,Mark,Anderson,Male,"Tacoma, WA",36
438-65-9088,Jimmy,Sanders,Male,"Kingston, Jamaica",24
598-57-4739,Diana,Wright,Female,London / Ex-Manchester,72
431-80-8255,Norma,Washington,Female,Earth,38
648-93-6458,Bonnie,Patterson,Female,"LOS ANGELES, California",73
897-20-5966,Anna,Holmes,Female,"Brooklyn, NY",22
512-03-5604,Samuel,Wheeler,Male,United States,34
400-75-3522,Betty,Reid,Female,Connecticut,64
382-41-5237,Sharon,Young,Female,Tennessee,45
904-74-2054,Robin,Freeman,Female,Washington DC,28
526-58-5967,Norma,Kim,Female,"Ghent, Belgium",33
899-42-9240,Margaret,Torres,Female,"Kingston, Jamaica",41
534-37-5115,Tina,Ellis,Female,"New York, NY",58
673-63-8481,Philip,Dean,Male,"Memphis, TN",34
987-73-1485,Billy,Henderson,Male,"Memphis, TN",14
602-22-1660,Martha,Pierce,Female,"Sch�erg, Germany",44
114-51-4225,Angela,Morrison,Female,"New York, New York",12
617-32-5362,Norma,Gilbert,Female,"Cardiff, Wales",55
103-15-3022,Roger,Powell,Male,"Kingston, Jamaica",27
442-28-6766,Walter,Ford,Male,"Vancouver, British Columbia, Cana",57
969-12-5849,Richard,Woods,Male,"Nashville, TN",59
598-30-7019,Helen,Young,Female,"NEW YORK, New York",49
106-42-7932,Joe,Burton,Male,Tennessee,60
300-96-8017,Justin,Murphy,Male,"Bergen, Norway",37
747-00-5707,Johnny,Williams,Male,"Cork, Ireland",70
358-17-5226,Richard,Harrison,Male,Arizona,33
286-78-8857,Jason,Fox,Male,"Los Angeles, California",60
853-41-0123,Rose,Richardson,Female,Washington,66
176-06-0588,Brandon,Phillips,Male,Tennessee,14
497-32-8190,Joe,Kennedy,Male,"Rayne, LA",38
622-11-9390,Sandra,Gomez,Female,"West Plains, MO",10
902-93-0953,Bobby,Campbell,Male,"MILWAUKEE, Wisconsin",30
187-40-5966,Jonathan,Howard,Male,"Havana, Cuba [Jesus Maria]",12
624-99-1260,Gregory,Ryan,Male,"Nashville, TN",62
673-37-3924,Doris,Patterson,Female,"Pittsburgh, Pennsylvania",13
624-55-0932,Margaret,Fuller,Female,California,66
784-09-3779,Wayne,Owens,Male,"M�engladbach, Germany",53
578-14-6508,Barbara,Moreno,Female,"Charlotte, NC",18
665-63-7664,Kathy,Larson,Female,POLAND,26
967-78-1964,Christina,Gardner,Female,"Galveston, TX",48
424-12-6778,Marilyn,Stephens,Female,"Philadelphia, PA",76
785-53-7440,Teresa,Kennedy,Female,"Sicily Island, LA",72
363-10-0325,Stephen,Spencer,Male,Thaba Nchu,62
990-61-1781,Ralph,Phillips,Male,Jerez De La Frontera (Cádiz),43
555-26-1537,Jacqueline,King,Female,"St. Catherine, Jamaica",67
644-50-6924,Jessica,Moreno,Female,United States,42
185-29-5505,Roy,Banks,Male,"Nottingham, England",57
389-27-4269,Gary,Torres,Male,Detroit,29
270-44-1969,Laura,Ramirez,Female,"Los Angeles, CA",68
991-29-4812,Fred,Reed,Male,"Queens, NY",45
995-17-9732,Kimberly,Cooper,Female,"Walker-on-Tyne, England",71
807-09-9890,Katherine,Collins,Female,Bergen Norway,13
679-17-5463,Kimberly,Simmons,Female,Virginia,8
224-50-9865,Shirley,Fisher,Female,"Baltimore, MD",31
311-91-9517,Louise,Carter,Female,"London, UK",63
348-90-7946,Irene,Gilbert,Female,"Detroit, MI",20
502-40-2192,Jacqueline,Peterson,Female,"Jamaica, West Indies",56
781-30-9192,Carl,Warren,Male,"Fayetteville, AR",74
551-17-6755,Debra,Myers,Female,Tennessee,58
790-68-5317,Betty,Richardson,Female,"Miami, FL",70
842-13-5604,Shirley,Chavez,Female,"Pasco, WA",55
879-32-0941,Steven,Reed,Male,"Barbados, West Indies",24
609-42-9397,Tammy,Sanchez,Female,"Dublin, Ireland",11
811-71-4505,Tammy,Mason,Female,"Berlin, Germany",34
307-40-1161,Sarah,Gomez,Female,"New York, NY",61
603-24-7464,Wayne,Torres,Male,"Le Cannet, France",53
328-63-1144,Marilyn,Gibson,Female,United States,30
817-78-6036,Teresa,Miller,Female,"Kamenetz-Podolsk, Moldavia",21
856-37-7140,Ann,Barnes,Female,"Lincoln Park, MI",71
428-59-5742,Kevin,Dunn,Male,"PLAINVIEW, Texas",53
687-09-6115,Jason,Jenkins,Male,"Berlin, Germany",56
877-82-6499,Frank,Foster,Male,"Havana, Cuba [Jesus Maria]",64
782-17-9413,Ashley,Murray,Female,"New Orleans, LA",10
403-98-1430,Deborah,Garza,Female,"Houston, TX",62
848-14-2861,Karen,Perkins,Female,Canada,10
115-42-2722,Bruce,Romero,Male,NY - New York City,45
133-34-4404,Christopher,Hall,Male,"Aiken, SC",62
803-63-0687,Kathy,Smith,Female,Georgia,13
667-84-1810,Brenda,Carter,Female,United States,33
396-99-9211,Keith,Hughes,Male,"Aberdeen, Scotland",43
237-87-3041,Joseph,King,Male,Vernet les Bains,71
663-69-1084,Samuel,Reynolds,Male,Tennessee,55
406-63-9815,Janice,Nichols,Female,"Minneapolis, MN",72
351-41-0634,Jacqueline,Hudson,Female,"Vance, MS",24
337-26-9762,Wayne,Turner,Male,England,58
546-01-1672,James,Gray,Male,"Brooklyn, NY",55
612-23-0626,Carolyn,Hart,Female,Colorado,8
204-44-2058,Pamela,Fisher,Female,"London, England",61
241-33-5568,Ruby,Scott,Female,"Boston, MA",66
140-56-7552,Ryan,Schmidt,Male,California - LA,44
304-62-6447,Helen,Stevens,Female,"Hamilton, Ohio",70
388-97-0249,Michelle,Campbell,Female,New York,56
455-03-2380,Eric,Palmer,Male,"Detroit, MI",50
592-49-3979,Janet,Stone,Female,New York City,49
566-39-5436,Frank,Garza,Male,SWEDEN,16
474-45-3239,Kelly,Franklin,Female,"Havana, Cuba",39
496-33-0192,Carl,Welch,Male,"Wisner, LA",79
888-89-0414,Louis,Murphy,Male,"Barbados, West Indies",16
562-97-9549,Thomas,Montgomery,Male,"Los Angeles, CA",39
651-12-9163,Jessica,Snyder,Female,"Austin, TX",51
